{
  "resultCount": 2,
  "results": [
    {
      "wrapperType": "track",
      "kind": "song",
      "artistId": 1162124419,
      "collectionId": 1180071840,
      "trackId": 1180072330,
      "artistName": "Jagjit",
      "collectionName": "Divine Bhajans of Lord Krishna",
      "trackName": "Sanwara Lele Pariksha Jitni",
      "collectionCensoredName": "Divine Bhajans of Lord Krishna",
      "trackCensoredName": "Sanwara Lele Pariksha Jitni",
      "artistViewUrl": "https://itunes.apple.com/us/artist/jagjit/1162124419?uo=4",
      "collectionViewUrl": "https://itunes.apple.com/us/album/sanwara-lele-pariksha-jitni/1180071840?i=1180072330&uo=4",
      "trackViewUrl": "https://itunes.apple.com/us/album/sanwara-lele-pariksha-jitni/1180071840?i=1180072330&uo=4",
      "previewUrl": "https://audio-ssl.itunes.apple.com/apple-assets-us-std-000001/AudioPreview71/v4/f8/34/b6/f834b6d9-e471-782e-0c2e-8d62daeca8dd/mzaf_1509467221234202458.plus.aac.p.m4a",
      "artworkUrl30": "https://is1-ssl.mzstatic.com/image/thumb/Music71/v4/85/6d/c0/856dc070-6b0c-a597-27ed-485a1dd05a52/source/30x30bb.jpg",
      "artworkUrl60": "https://is1-ssl.mzstatic.com/image/thumb/Music71/v4/85/6d/c0/856dc070-6b0c-a597-27ed-485a1dd05a52/source/60x60bb.jpg",
      "artworkUrl100": "https://is1-ssl.mzstatic.com/image/thumb/Music71/v4/85/6d/c0/856dc070-6b0c-a597-27ed-485a1dd05a52/source/100x100bb.jpg",
      "collectionPrice": 3.99,
      "trackPrice": 0.99,
      "releaseDate": "2016-11-14T08:00:00Z",
      "collectionExplicitness": "notExplicit",
      "trackExplicitness": "notExplicit",
      "discCount": 1,
      "discNumber": 1,
      "trackCount": 7,
      "trackNumber": 4,
      "trackTimeMillis": 321831,
      "country": "USA",
      "currency": "USD",
      "primaryGenreName": "Devotional & Spiritual",
      "isStreamable": true
    },
    {
      "wrapperType": "track",
      "kind": "song",
      "artistId": 1162124419,
      "collectionId": 1177447993,
      "trackId": 1177449078,
      "artistName": "Jagjit",
      "collectionName": "Muraliwale Ke Bhajan (Popular Satsang Geet)",
      "trackName": "Meetho Chod De Sawariya",
      "collectionCensoredName": "Muraliwale Ke Bhajan (Popular Satsang Geet)",
      "trackCensoredName": "Meetho Chod De Sawariya",
      "artistViewUrl": "https://itunes.apple.com/us/artist/jagjit/1162124419?uo=4",
      "collectionViewUrl": "https://itunes.apple.com/us/album/meetho-chod-de-sawariya/1177447993?i=1177449078&uo=4",
      "trackViewUrl": "https://itunes.apple.com/us/album/meetho-chod-de-sawariya/1177447993?i=1177449078&uo=4",
      "previewUrl": "https://audio-ssl.itunes.apple.com/apple-assets-us-std-000001/AudioPreview71/v4/ab/45/19/ab4519d7-647f-7e59-496d-fc8a9a5294cc/mzaf_5009533710288264292.plus.aac.p.m4a",
      "artworkUrl30": "https://is3-ssl.mzstatic.com/image/thumb/Music71/v4/2c/bf/f0/2cbff061-8b90-170e-1457-be8e572530f9/source/30x30bb.jpg",
      "artworkUrl60": "https://is3-ssl.mzstatic.com/image/thumb/Music71/v4/2c/bf/f0/2cbff061-8b90-170e-1457-be8e572530f9/source/60x60bb.jpg",
      "artworkUrl100": "https://is3-ssl.mzstatic.com/image/thumb/Music71/v4/2c/bf/f0/2cbff061-8b90-170e-1457-be8e572530f9/source/100x100bb.jpg",
      "collectionPrice": 2.99,
      "trackPrice": 0.99,
      "releaseDate": "2016-11-22T08:00:00Z",
      "collectionExplicitness": "notExplicit",
      "trackExplicitness": "notExplicit",
      "discCount": 1,
      "discNumber": 1,
      "trackCount": 5,
      "trackNumber": 3,
      "trackTimeMillis": 388594,
      "country": "USA",
      "currency": "EUR",
      "primaryGenreName": "Devotional & Spiritual",
      "isStreamable": true
    }
  ]
}